,count,mean,std,min,25%,50%,75%,max,faltantes_pct
co2_mt,7105.0,145.98736976776917,719.4709440695281,0.0,1.0291,8.4177,58.0584,13124.728,6.451612903225806
co2_pc,7105.0,4.863853186166633,9.520837280642429,0.0,0.502051754592427,2.16833095577746,6.18895798314975,202.865184351252,6.451612903225806
pib,7104.0,302763367086.29443,1382545952234.232,21515741.5255962,4608491619.666007,19545750594.851196,119981856899.02576,22731468331925.1,6.464779460171164
pib_pc,7104.0,14423.935560350194,21598.314122592514,166.710439947526,1619.495792787515,4932.19114109003,19167.158475042073,247170.10380708,6.464779460171164
poblacion,7595.0,30993262.89150757,124409500.10779196,8798.0,638539.0,5395790.0,19320864.0,1450935791.0,0.0
urbano_pct,7595.0,57.91227970814839,24.387558220643626,5.27494050180917,37.37797369085975,58.578694432799,77.57136379919339,100.0,0.0
renovable_pct,6746.0,30.726712125704122,30.521631859027796,0.0,3.6,19.5,53.3,98.3,11.178406846609612
energia_pc,5196.0,2324.763934043582,2811.457244205142,0.0,508.417987165998,1295.380433627765,2961.998584215485,21557.4750763638,31.586570111915734
fosil_pct,4978.0,45.462756429315704,38.717792777820755,-61.3788549830684,0.0,50.7623523956762,84.27932571695862,99.9937246093105,34.456879526003945
electricidad_pct,6747.0,82.07362703257606,28.79930594859217,0.533898532390594,73.0,99.4,100.0,100.0,11.165240289664252
industria_pct,6427.0,26.154619092606,12.252766341056706,0.0,18.1808170180065,24.5358925441305,31.4249804889934,86.6695550057577,15.378538512179066
carbon_elec_pct,6137.0,13.892582835838345,24.489917574081005,0.0,0.0,0.0,18.5795637471259,100.0,19.196840026333113
