iso3,anio,variable,valor_original,z_robusto,tipo
ABW,1996,co2_mt,0.20680000000000004,-6.65,pico aislado (corregido)
ABW,1997,co2_mt,0.343,6.53,cambio estructural (conservado)
ABW,2000,co2_mt,0.2689,-4.68,cambio estructural (conservado)
ABW,2011,co2_mt,0.2907,-7.91,cambio estructural (conservado)
AGO,2020,co2_mt,20.538000000000004,-5.51,choque conocido (conservado)
ALB,1991,co2_mt,4.3796,-4.35,cambio estructural (conservado)
ALB,1992,co2_mt,2.3632,-6.43,cambio estructural (conservado)
ALB,1999,co2_mt,3.0869,4.96,cambio estructural (conservado)
ARE,2008,co2_mt,164.2519,4.97,cambio estructural (conservado)
ARM,1992,co2_mt,10.976600000000001,-6.51,cambio estructural (conservado)
ARM,1993,co2_mt,5.1153,-7.29,cambio estructural (conservado)
ARM,1994,co2_mt,2.8082999999999996,-5.81,cambio estructural (conservado)
ATG,2000,co2_mt,0.1357,-7.52,cambio estructural (conservado)
ATG,2011,co2_mt,0.21279999999999996,-5.4,cambio estructural (conservado)
BDI,2007,co2_mt,0.3728,3.83,pico aislado (corregido)
BDI,2008,co2_mt,0.22070000000000004,-4.81,cambio estructural (conservado)
BEN,1996,co2_mt,1.0761,11.9,cambio estructural (conservado)
BEN,2021,co2_mt,6.7467,-4.11,cambio estructural (conservado)
BFA,1997,co2_mt,0.8142,4.24,cambio estructural (conservado)
BGD,1995,co2_mt,21.7789,3.76,cambio estructural (conservado)
BGD,2001,co2_mt,32.632999999999996,3.76,cambio estructural (conservado)
BHR,1992,co2_mt,13.615299999999998,4.18,cambio estructural (conservado)
BHR,2005,co2_mt,23.370200000000004,4.08,cambio estructural (conservado)
BHS,2011,co2_mt,0.8542,-3.62,cambio estructural (conservado)
BIH,1992,co2_mt,16.2286,-4.54,cambio estructural (conservado)
BIH,1994,co2_mt,3.3002,-20.58,cambio estructural (conservado)
BIH,1997,co2_mt,8.723300000000002,9.69,cambio estructural (conservado)
BIH,2000,co2_mt,14.281199999999998,3.73,cambio estructural (conservado)
BLZ,1997,co2_mt,0.1858,4.42,cambio estructural (conservado)
BLZ,2000,co2_mt,0.1397,-3.51,cambio estructural (conservado)
BLZ,2011,co2_mt,0.15,-4.37,cambio estructural (conservado)
BMU,2011,co2_mt,0.1534,-5.65,cambio estructural (conservado)
BOL,1993,co2_mt,8.8889,3.63,cambio estructural (conservado)
BOL,1997,co2_mt,10.167599999999998,4.04,cambio estructural (conservado)
BOL,2020,co2_mt,18.5659,-7.08,choque conocido (conservado)
BRN,2006,co2_mt,8.6155,4.71,cambio estructural (conservado)
BRN,2020,co2_mt,10.127899999999999,3.71,choque conocido (conservado)
BTN,1994,co2_mt,0.2576,4.09,cambio estructural (conservado)
BTN,2009,co2_mt,0.8011,5.33,choque conocido (conservado)
BTN,2020,co2_mt,1.4131,-5.59,choque conocido (conservado)
BWA,2013,co2_mt,5.5218,5.1,cambio estructural (conservado)
CAF,1991,co2_mt,0.2107,4.84,pico aislado (corregido)
CAF,1992,co2_mt,0.1698,-4.71,cambio estructural (conservado)
CAF,2008,co2_mt,0.2005,-6.16,cambio estructural (conservado)
CAF,2013,co2_mt,0.14879999999999996,-8.19,cambio estructural (conservado)
CAF,2015,co2_mt,0.2334,6.52,cambio estructural (conservado)
CHL,2023,co2_mt,77.00740000000002,-4.55,cambio estructural (conservado)
CIV,2003,co2_mt,5.8144,-3.93,cambio estructural (conservado)
CMR,2007,co2_mt,6.7369,4.12,cambio estructural (conservado)
COD,1991,co2_mt,1.8957,-5.46,cambio estructural (conservado)
COD,1994,co2_mt,2.484,4.04,cambio estructural (conservado)
COG,2002,co2_mt,2.8595,-4.32,cambio estructural (conservado)
CPV,2000,co2_mt,0.2802,11.85,cambio estructural (conservado)
CPV,2005,co2_mt,0.6073,4.66,cambio estructural (conservado)
CPV,2020,co2_mt,0.6283,-3.89,choque conocido (conservado)
CRI,1992,co2_mt,4.2433,6.08,cambio estructural (conservado)
CUB,1991,co2_mt,30.1272,-4.46,cambio estructural (conservado)
CUB,1992,co2_mt,23.917099999999998,-4.14,cambio estructural (conservado)
DMA,1993,co2_mt,0.03880000000000001,5.86,cambio estructural (conservado)
DMA,1998,co2_mt,0.0361,-6.08,pico aislado (corregido)
DMA,1999,co2_mt,0.061900000000000004,5.37,cambio estructural (conservado)
EST,2019,co2_mt,15.462899999999998,-3.93,cambio estructural (conservado)
ETH,1992,co2_mt,1.6961,-3.62,cambio estructural (conservado)
FJI,2010,co2_mt,1.6965,3.92,cambio estructural (conservado)
FJI,2020,co2_mt,1.0743,-4.14,choque conocido (conservado)
GAB,1991,co2_mt,4.9342,-3.87,cambio estructural (conservado)
GHA,1998,co2_mt,6.2701,4.96,cambio estructural (conservado)
GIN,2000,co2_mt,1.4601,7.38,cambio estructural (conservado)
GIN,2019,co2_mt,4.814000000000001,4.56,cambio estructural (conservado)
GMB,1991,co2_mt,0.1535,4.5,pico aislado (corregido)
GMB,1992,co2_mt,0.1303,-4.73,cambio estructural (conservado)
GMB,2000,co2_mt,0.2662,9.11,cambio estructural (conservado)
GNB,1991,co2_mt,0.2127,5.38,cambio estructural (conservado)
GNB,2003,co2_mt,0.2645,3.78,cambio estructural (conservado)
GNB,2017,co2_mt,0.3066,-6.23,cambio estructural (conservado)
GNQ,1994,co2_mt,1.2117,29.17,cambio estructural (conservado)
GNQ,2004,co2_mt,6.2799000000000005,5.73,cambio estructural (conservado)
GRC,2020,co2_mt,52.36059999999999,-4.07,choque conocido (conservado)
GRD,2000,co2_mt,0.0574,-4.94,cambio estructural (conservado)
GRD,2011,co2_mt,0.09189999999999998,-3.95,cambio estructural (conservado)
GRL,2004,co2_mt,0.6039,267.39,cambio estructural (conservado)
GRL,2010,co2_mt,0.6428,6.84,cambio estructural (conservado)
GRL,2012,co2_mt,0.5389,-10.44,cambio estructural (conservado)
GUY,1994,co2_mt,1.4149,5.88,cambio estructural (conservado)
GUY,2007,co2_mt,1.607,4.07,cambio estructural (conservado)
GUY,2016,co2_mt,2.4564,3.67,cambio estructural (conservado)
GUY,2020,co2_mt,3.3297999999999996,3.83,choque conocido (conservado)
HKG,2020,co2_mt,34.061899999999994,-3.83,choque conocido (conservado)
HRV,1991,co2_mt,17.7393,-5.98,cambio estructural (conservado)
HTI,1994,co2_mt,0.4142,-12.88,pico aislado (corregido)
HTI,1995,co2_mt,1.1266,16.56,cambio estructural (conservado)
JAM,2008,co2_mt,9.8705,-4.28,cambio estructural (conservado)
JAM,2009,co2_mt,8.049299999999999,-4.07,choque conocido (conservado)
JAM,2020,co2_mt,5.9229,-6.94,choque conocido (conservado)
JOR,1992,co2_mt,11.9667,3.96,cambio estructural (conservado)
JOR,2012,co2_mt,24.532199999999996,3.52,cambio estructural (conservado)
KHM,1995,co2_mt,1.5014,11.99,cambio estructural (conservado)
KIR,2000,co2_mt,0.032400000000000005,7.56,cambio estructural (conservado)
KIR,2002,co2_mt,0.043199999999999995,5.54,cambio estructural (conservado)
KIR,2005,co2_mt,0.06160000000000001,3.89,cambio estructural (conservado)
KNA,2011,co2_mt,0.07780000000000001,-3.63,cambio estructural (conservado)
KOR,1998,co2_mt,393.6141000000001,-4.17,cambio estructural (conservado)
KWT,1992,co2_mt,26.963199999999997,-8.42,pico aislado (corregido)
KWT,1993,co2_mt,34.27740000000001,4.26,cambio estructural (conservado)
LAO,2000,co2_mt,0.9345,5.15,cambio estructural (conservado)
LAO,2015,co2_mt,8.927500000000002,6.68,cambio estructural (conservado)
LAO,2016,co2_mt,15.871,5.21,cambio estructural (conservado)
LBN,1993,co2_mt,11.4037,4.37,cambio estructural (conservado)
LBN,2021,co2_mt,16.714999999999996,-3.77,cambio estructural (conservado)
LBN,2022,co2_mt,10.435000000000002,-6.43,cambio estructural (conservado)
LBR,1991,co2_mt,0.2582,-3.88,cambio estructural (conservado)
LBR,2010,co2_mt,0.7943,3.6,cambio estructural (conservado)
LBR,2018,co2_mt,0.6419,-6.5,pico aislado (corregido)
LBR,2019,co2_mt,1.0095,3.93,cambio estructural (conservado)
LBY,2011,co2_mt,44.2373,-7.2,pico aislado (corregido)
LBY,2012,co2_mt,62.856099999999984,6.01,cambio estructural (conservado)
LBY,2020,co2_mt,45.7025,-4.71,choque conocido (conservado)
LBY,2021,co2_mt,58.36089999999999,4.04,cambio estructural (conservado)
LCA,2011,co2_mt,0.1412,-4.66,cambio estructural (conservado)
LCA,2018,co2_mt,0.2592,3.93,cambio estructural (conservado)
LKA,1996,co2_mt,8.810600000000003,3.71,cambio estructural (conservado)
LSO,1991,co2_mt,0.1362,4.47,pico aislado (corregido)
LSO,1992,co2_mt,0.11569999999999998,-4.62,cambio estructural (conservado)
LSO,2000,co2_mt,0.3508,22.12,cambio estructural (conservado)
LSO,2007,co2_mt,0.5358,5.22,pico aislado (corregido)
LSO,2008,co2_mt,0.4365,-5.6,cambio estructural (conservado)
LSO,2022,co2_mt,0.9811,5.05,cambio estructural (conservado)
LTU,1992,co2_mt,20.888400000000004,-12.19,cambio estructural (conservado)
LTU,1993,co2_mt,16.2182,-5.46,cambio estructural (conservado)
LTU,1999,co2_mt,13.3317,-3.86,cambio estructural (conservado)
LTU,2009,co2_mt,13.210499999999998,-3.93,choque conocido (conservado)
MAC,2018,co2_mt,2.1256,-3.83,cambio estructural (conservado)
MDG,2002,co2_mt,1.1663,-6.36,cambio estructural (conservado)
MDG,2020,co2_mt,3.1281000000000003,-4.42,choque conocido (conservado)
MDV,1994,co2_mt,0.2725,4.51,cambio estructural (conservado)
MLI,2000,co2_mt,0.796,6.99,cambio estructural (conservado)
MLT,1993,co2_mt,2.8133,4.08,cambio estructural (conservado)
MLT,2015,co2_mt,1.6722,-5.55,cambio estructural (conservado)
MMR,2008,co2_mt,8.3603,-3.64,cambio estructural (conservado)
MMR,2017,co2_mt,33.75390000000001,3.77,cambio estructural (conservado)
MRT,1992,co2_mt,2.2897,10.86,cambio estructural (conservado)
MRT,2000,co2_mt,1.0582,-10.93,cambio estructural (conservado)
MRT,2017,co2_mt,3.8090000000000006,4.04,cambio estructural (conservado)
MUS,1999,co2_mt,2.2091,4.63,cambio estructural (conservado)
MWI,2011,co2_mt,5.739399999999999,4.02,cambio estructural (conservado)
MWI,2023,co2_mt,4.7047,-3.63,cambio estructural (conservado)
NER,2012,co2_mt,2.0551,3.88,cambio estructural (conservado)
OMN,1991,co2_mt,19.914499999999997,3.98,cambio estructural (conservado)
OMN,2006,co2_mt,42.1453,5.3,cambio estructural (conservado)
PAN,2020,co2_mt,9.712699999999998,-4.05,choque conocido (conservado)
PER,2020,co2_mt,47.5328,-3.87,choque conocido (conservado)
PLW,2002,co2_mt,1.4441,-4.05,cambio estructural (conservado)
PLW,2013,co2_mt,1.8243,-5.57,cambio estructural (conservado)
PRI,2002,co2_mt,20.143599999999996,-4.5,pico aislado (corregido)
PRI,2003,co2_mt,26.134199999999993,4.83,cambio estructural (conservado)
PRI,2006,co2_mt,16.968399999999995,-9.02,cambio estructural (conservado)
PYF,2022,co2_mt,0.9258,4.87,cambio estructural (conservado)
RWA,2000,co2_mt,0.6805,3.53,cambio estructural (conservado)
SDN,1993,co2_mt,3.3442,-4.44,pico aislado (corregido)
SDN,1994,co2_mt,4.915,4.02,cambio estructural (conservado)
SLB,2000,co2_mt,0.23279999999999998,4.99,cambio estructural (conservado)
SLE,1992,co2_mt,0.5195,-5.49,cambio estructural (conservado)
SLE,2000,co2_mt,0.4316,-5.21,cambio estructural (conservado)
SLV,2020,co2_mt,6.653500000000001,-3.51,choque conocido (conservado)
SOM,1991,co2_mt,0.479,-11.25,cambio estructural (conservado)
SOM,1992,co2_mt,0.3777,-9.91,cambio estructural (conservado)
SOM,2000,co2_mt,0.6253,13.35,cambio estructural (conservado)
STP,1991,co2_mt,0.051399999999999994,4.89,pico aislado (corregido)
STP,1992,co2_mt,0.043500000000000004,-3.76,cambio estructural (conservado)
SUR,2002,co2_mt,1.1182,-3.6,cambio estructural (conservado)
SWZ,1992,co2_mt,0.9132,-4.11,cambio estructural (conservado)
SWZ,1994,co2_mt,1.4598,13.26,cambio estructural (conservado)
SWZ,1996,co2_mt,1.1355,-5.14,cambio estructural (conservado)
SWZ,2010,co2_mt,0.8556,-4.73,cambio estructural (conservado)
SWZ,2013,co2_mt,0.9627,3.93,cambio estructural (conservado)
SWZ,2020,co2_mt,0.9606,-3.89,choque conocido (conservado)
SYC,2000,co2_mt,0.7545,5.98,cambio estructural (conservado)
SYR,2012,co2_mt,46.24770000000001,-4.23,cambio estructural (conservado)
SYR,2013,co2_mt,31.194999999999997,-6.99,cambio estructural (conservado)
TCD,1992,co2_mt,0.2468,-3.56,cambio estructural (conservado)
TCD,1993,co2_mt,0.1278,-12.49,cambio estructural (conservado)
TCD,2000,co2_mt,0.24039999999999997,5.49,cambio estructural (conservado)
TCD,2003,co2_mt,0.3973,6.35,cambio estructural (conservado)
TCD,2008,co2_mt,0.4847,-3.68,cambio estructural (conservado)
TCD,2011,co2_mt,0.6836,3.78,cambio estructural (conservado)
TCD,2012,co2_mt,1.2091,9.17,cambio estructural (conservado)
TCD,2017,co2_mt,2.2104,3.84,cambio estructural (conservado)
TGO,1994,co2_mt,0.7477,4.64,cambio estructural (conservado)
TGO,2009,co2_mt,2.7107,4.16,choque conocido (conservado)
TJK,1994,co2_mt,3.5886999999999993,-4.13,cambio estructural (conservado)
TKM,1992,co2_mt,28.6114,-5.36,cambio estructural (conservado)
TLS,1999,co2_mt,0.3038,3.69,cambio estructural (conservado)
TLS,2004,co2_mt,0.5158,5.36,pico aislado (corregido)
TLS,2005,co2_mt,0.3496,-3.54,cambio estructural (conservado)
TLS,2012,co2_mt,0.6288,4.16,cambio estructural (conservado)
TON,1994,co2_mt,0.1397,3.75,cambio estructural (conservado)
TON,2000,co2_mt,0.09979999999999997,-5.85,cambio estructural (conservado)
TON,2022,co2_mt,0.1614,-3.93,cambio estructural (conservado)
UGA,1995,co2_mt,1.0126,3.55,cambio estructural (conservado)
UKR,2022,co2_mt,119.34500000000001,-9.52,cambio estructural (conservado)
VCT,1993,co2_mt,0.027799999999999995,-3.58,pico aislado (corregido)
VCT,1994,co2_mt,0.05090000000000001,7.25,cambio estructural (conservado)
VCT,2000,co2_mt,0.04190000000000001,-7.2,cambio estructural (conservado)
VCT,2009,co2_mt,0.12409999999999999,4.79,choque conocido (conservado)
VCT,2010,co2_mt,0.09700000000000002,-4.11,cambio estructural (conservado)
VCT,2011,co2_mt,0.069,-5.36,cambio estructural (conservado)
VEN,2020,co2_mt,76.66570000000002,-9.11,choque conocido (conservado)
VEN,2022,co2_mt,92.00400000000002,3.68,cambio estructural (conservado)
VUT,1992,co2_mt,0.053200000000000004,-4.41,cambio estructural (conservado)
WSM,2000,co2_mt,0.186,5.94,cambio estructural (conservado)
WSM,2020,co2_mt,0.3132,-4.87,choque conocido (conservado)
ZWE,2011,co2_mt,15.849400000000001,4.47,cambio estructural (conservado)
ABW,2020,pib,2466904380.6900005,-7.16,choque conocido (conservado)
AGO,1993,pib,22482416932.280506,-6.66,cambio estructural (conservado)
ALB,1991,pib,3982100297.9608436,-11.76,cambio estructural (conservado)
ARM,1992,pib,3001096397.2506557,-16.35,cambio estructural (conservado)
ARM,2009,pib,8330243396.359251,-5.71,choque conocido (conservado)
ATG,2020,pib,1373179832.341401,-6.58,choque conocido (conservado)
AZE,1992,pib,15807479230.250519,-4.35,cambio estructural (conservado)
AZE,1993,pib,12155951730.581896,-4.44,cambio estructural (conservado)
AZE,1994,pib,9761229088.932777,-3.81,cambio estructural (conservado)
AZE,2006,pib,30178120036.554707,3.67,cambio estructural (conservado)
BGR,1997,pib,30549915208.764145,-5.65,cambio estructural (conservado)
BHS,2020,pib,9814105056.968412,-8.81,choque conocido (conservado)
BHS,2021,pib,11540027214.260098,5.06,cambio estructural (conservado)
BIH,1996,pib,5805141478.60788,12.47,cambio estructural (conservado)
BIH,1997,pib,7932210829.327814,8.66,cambio estructural (conservado)
BIH,1998,pib,9250256733.832922,3.66,cambio estructural (conservado)
BRB,2020,pib,4804919086.453995,-9.18,choque conocido (conservado)
BWA,2009,pib,10310519328.350285,-5.59,choque conocido (conservado)
CAF,2013,pib,1624016454.0511518,-17.91,cambio estructural (conservado)
CPV,2020,pib,1675762033.71886,-5.21,choque conocido (conservado)
CUB,1993,pib,35456139102.318,-7.05,cambio estructural (conservado)
DMA,2020,pib,493481872.0442114,-6.51,choque conocido (conservado)
EST,1992,pib,10630714503.486883,-4.99,cambio estructural (conservado)
EST,2009,pib,19050002927.29827,-3.54,choque conocido (conservado)
FJI,2020,pib,4319652692.234288,-6.49,choque conocido (conservado)
FJI,2022,pib,4865137073.660649,4.23,cambio estructural (conservado)
GEO,1991,pib,13389689057.062119,-7.32,cambio estructural (conservado)
GEO,1992,pib,7377748823.206492,-16.43,cambio estructural (conservado)
GEO,1993,pib,5216056133.547076,-10.1,cambio estructural (conservado)
GNB,1998,pib,597079877.9762973,-12.93,pico aislado (corregido)
GNB,1999,pib,697478986.4526668,4.88,cambio estructural (conservado)
GNQ,1997,pib,1468403404.769722,5.92,cambio estructural (conservado)
GUY,2020,pib,7275896377.204173,7.41,choque conocido (conservado)
GUY,2022,pib,14268000638.32201,10.46,cambio estructural (conservado)
GUY,2023,pib,19089873040.05582,5.76,cambio estructural (conservado)
GUY,2024,pib,27454916553.95431,7.46,cambio estructural (conservado)
HND,1991,pib,2875090820.921106,7.67,cambio estructural (conservado)
HND,1994,pib,4596133115.546413,8.61,cambio estructural (conservado)
HND,1995,pib,5730204274.9786415,7.22,cambio estructural (conservado)
HND,1996,pib,7045709680.838334,6.66,cambio estructural (conservado)
HND,1997,pib,8625903501.819847,6.48,cambio estructural (conservado)
HRV,1991,pib,36774331748.90423,-6.9,cambio estructural (conservado)
IRL,2015,pib,302101388556.27136,3.6,cambio estructural (conservado)
IRQ,1991,pib,22291338827.23422,-19.51,pico aislado (corregido)
IRQ,1992,pib,29556579056.312653,4.31,cambio estructural (conservado)
IRQ,1993,pib,38509216455.93056,3.99,cambio estructural (conservado)
IRQ,1998,pib,74213129683.8962,4.64,cambio estructural (conservado)
IRQ,2003,pib,60307856288.93025,-9.17,pico aislado (corregido)
IRQ,2004,pib,92503535426.88866,6.97,cambio estructural (conservado)
KGZ,1993,pib,3543704782.0553627,-4.19,cambio estructural (conservado)
KGZ,1994,pib,2831946047.782809,-5.32,cambio estructural (conservado)
KHM,1994,pib,4748625742.753156,-16.7,cambio estructural (conservado)
KIR,1992,pib,121486648.82444885,4.94,cambio estructural (conservado)
KNA,2020,pib,886725390.8211349,-4.99,choque conocido (conservado)
KWT,1991,pib,20018165400.03872,-9.57,pico aislado (corregido)
KWT,1992,pib,36595073851.17622,9.99,cambio estructural (conservado)
KWT,1993,pib,49033910555.61807,4.61,cambio estructural (conservado)
LBN,1991,pib,14790098775.87898,7.72,cambio estructural (conservado)
LBN,2020,pib,36728167162.8739,-5.48,choque conocido (conservado)
LBR,1992,pib,933723838.5078431,-8.33,cambio estructural (conservado)
LBR,1993,pib,625824712.1074858,-7.76,cambio estructural (conservado)
LBR,1994,pib,489630570.9669715,-5.05,cambio estructural (conservado)
LBR,1997,pib,1084122317.2960904,11.95,cambio estructural (conservado)
LBR,1998,pib,1411615367.7996905,3.88,cambio estructural (conservado)
LBR,2000,pib,2210291803.5902004,3.67,cambio estructural (conservado)
LBR,2003,pib,1648882904.5543628,-7.04,cambio estructural (conservado)
LBY,2011,pib,41672273290.572655,-9.7,pico aislado (corregido)
LBY,2012,pib,77854953189.63202,8.32,cambio estructural (conservado)
LBY,2014,pib,49131511071.10645,-3.74,cambio estructural (conservado)
LBY,2017,pib,63584342257.96058,3.65,cambio estructural (conservado)
LBY,2020,pib,42996651437.748,-4.93,choque conocido (conservado)
LCA,2020,pib,1517409879.5745685,-8.81,choque conocido (conservado)
LCA,2022,pib,2012825747.324792,5.08,cambio estructural (conservado)
LTU,1992,pib,22887185266.076805,-7.62,cambio estructural (conservado)
LTU,1993,pib,19173313226.34113,-5.92,cambio estructural (conservado)
LTU,2009,pib,33567775753.987244,-5.46,choque conocido (conservado)
LVA,1992,pib,12044553173.320084,-7.64,cambio estructural (conservado)
LVA,2009,pib,22863227157.463737,-3.72,choque conocido (conservado)
MAC,2015,pib,44940613353.10372,-3.52,cambio estructural (conservado)
MAC,2020,pib,23203378176.64453,-9.89,choque conocido (conservado)
MAC,2023,pib,40371220293.399536,5.99,cambio estructural (conservado)
MDA,1992,pib,6633164508.289433,-6.38,cambio estructural (conservado)
MDA,1994,pib,4528514463.374454,-6.83,cambio estructural (conservado)
MDV,2006,pib,2705624149.5956197,6.0,cambio estructural (conservado)
MDV,2020,pib,3663253190.262128,-19.3,choque conocido (conservado)
MDV,2021,pib,5037261439.190697,10.4,cambio estructural (conservado)
MLT,2000,pib,6701058569.360262,5.9,cambio estructural (conservado)
MRT,2006,pib,4945839545.861857,3.7,cambio estructural (conservado)
MUS,2020,pib,12069668892.3557,-15.91,choque conocido (conservado)
MWI,1995,pib,3910634175.5610294,3.51,cambio estructural (conservado)
PAN,2020,pib,54297264368.63214,-6.85,choque conocido (conservado)
QAT,1997,pib,28286130488.073986,4.89,cambio estructural (conservado)
QAT,2006,pib,66188134254.64309,4.23,cambio estructural (conservado)
RWA,1994,pib,1272751916.2857978,-31.59,pico aislado (corregido)
RWA,1995,pib,1721067047.9725816,9.15,cambio estructural (conservado)
SDN,1997,pib,32884421186.41075,3.6,cambio estructural (conservado)
SDN,2012,pib,47566600027.2224,-6.18,cambio estructural (conservado)
SDN,2023,pib,33915159966.503616,-10.66,cambio estructural (conservado)
SDN,2024,pib,29179132448.989925,-5.19,cambio estructural (conservado)
SLB,2000,pib,769815580.3928695,-4.08,cambio estructural (conservado)
SLE,1992,pib,3451901036.4416046,-6.54,cambio estructural (conservado)
SLE,2002,pib,3812040149.6777363,5.26,cambio estructural (conservado)
SOM,1994,pib,1478762688.890169,-10.44,cambio estructural (conservado)
SUR,2020,pib,4416708447.1504,-6.72,choque conocido (conservado)
SVK,1991,pib,38919807326.28165,-5.57,cambio estructural (conservado)
SYR,2012,pib,25998298625.553013,-6.99,cambio estructural (conservado)
SYR,2013,pib,19160679076.59453,-6.98,cambio estructural (conservado)
TCD,1993,pib,3562572904.593183,-3.63,cambio estructural (conservado)
TCD,2004,pib,8387570299.816846,4.28,cambio estructural (conservado)
TGO,1993,pib,2277734406.5761275,-8.52,cambio estructural (conservado)
TJK,1992,pib,4675369345.990687,-22.73,cambio estructural (conservado)
TJK,1993,pib,3908608780.5005445,-13.69,cambio estructural (conservado)
TJK,1994,pib,3076075187.914279,-17.03,cambio estructural (conservado)
TJK,1996,pib,2244218479.3001175,-13.89,cambio estructural (conservado)
TKM,1992,pib,10670312395.661104,-5.38,cambio estructural (conservado)
TKM,1994,pib,8956728712.460836,-6.05,cambio estructural (conservado)
TLS,1999,pib,526754666.87665856,-6.29,pico aislado (corregido)
TLS,2000,pib,832683747.6392539,5.36,cambio estructural (conservado)
TLS,2022,pib,2163090163.9807534,-3.58,cambio estructural (conservado)
UKR,1994,pib,87877436947.99237,-4.14,cambio estructural (conservado)
UKR,2022,pib,72309415409.67392,-5.3,cambio estructural (conservado)
VEN,2019,pib,50903719683.789314,-4.59,cambio estructural (conservado)
VEN,2020,pib,35721908550.027664,-5.02,choque conocido (conservado)
ABW,2020,pib_pc,22718.22944450071,-9.96,choque conocido (conservado)
AGO,1993,pib_pc,1752.7231866102995,-6.41,cambio estructural (conservado)
ALB,1991,pib_pc,1218.9642731736199,-12.2,cambio estructural (conservado)
ARM,1992,pib_pc,840.2052591774019,-15.01,cambio estructural (conservado)
ATG,2020,pib_pc,14950.894239720807,-7.2,choque conocido (conservado)
AZE,1992,pib_pc,2141.3400383701705,-4.67,cambio estructural (conservado)
AZE,1993,pib_pc,1621.9180939560692,-4.77,cambio estructural (conservado)
AZE,1994,pib_pc,1284.9555507345804,-4.08,cambio estructural (conservado)
AZE,2006,pib_pc,3556.832128581332,3.8,cambio estructural (conservado)
BHS,2020,pib_pc,24791.67049451062,-9.72,choque conocido (conservado)
BHS,2021,pib_pc,29114.05977263862,6.13,cambio estructural (conservado)
BIH,1996,pib_pc,1498.0059275225008,10.97,cambio estructural (conservado)
BIH,1997,pib_pc,1974.0574211780004,7.31,cambio estructural (conservado)
BLZ,2020,pib_pc,5006.484532769346,-4.18,choque conocido (conservado)
BRB,2020,pib_pc,17056.986866978114,-9.42,choque conocido (conservado)
BWA,2009,pib_pc,5179.413860714601,-5.88,choque conocido (conservado)
CAF,2013,pib_pc,349.8211716889729,-15.91,cambio estructural (conservado)
CPV,2020,pib_pc,3255.9362898405825,-5.96,choque conocido (conservado)
CUB,1993,pib_pc,3270.5504764554184,-6.79,cambio estructural (conservado)
DMA,2020,pib_pc,7302.944549512545,-6.4,choque conocido (conservado)
EST,1992,pib_pc,6934.170576623896,-4.25,cambio estructural (conservado)
FJI,2020,pib_pc,4721.12281287253,-6.26,choque conocido (conservado)
FJI,2022,pib_pc,5291.516924394513,4.18,cambio estructural (conservado)
GEO,1991,pib_pc,2768.8101608929305,-8.05,cambio estructural (conservado)
GEO,1992,pib_pc,1513.85017404463,-17.56,cambio estructural (conservado)
GEO,1993,pib_pc,1062.0952808020695,-10.97,cambio estructural (conservado)
GNB,1998,pib_pc,502.81554020706,-12.42,cambio estructural (conservado)
GNQ,1997,pib_pc,2380.3210682723193,6.59,cambio estructural (conservado)
GRD,2020,pib_pc,8413.28335500372,-4.54,choque conocido (conservado)
GUY,2020,pib_pc,9010.610004698774,7.57,choque conocido (conservado)
GUY,2022,pib_pc,17365.33364286419,10.46,cambio estructural (conservado)
GUY,2023,pib_pc,23101.353828274085,5.78,cambio estructural (conservado)
GUY,2024,pib_pc,33034.94887292699,7.49,cambio estructural (conservado)
HND,1991,pib_pc,561.1255923193439,8.38,cambio estructural (conservado)
HND,1994,pib_pc,823.7916755620937,9.46,cambio estructural (conservado)
HND,1995,pib_pc,998.3565641831769,7.87,cambio estructural (conservado)
HND,1996,pib_pc,1193.38830906175,7.24,cambio estructural (conservado)
HND,1997,pib_pc,1420.7310970024396,7.05,cambio estructural (conservado)
HRV,1991,pib_pc,7842.644318773561,-7.72,cambio estructural (conservado)
IDN,1998,pib_pc,1780.2004954489207,-22.19,cambio estructural (conservado)
IRL,2015,pib_pc,64250.138518125714,4.91,cambio estructural (conservado)
IRQ,1991,pib_pc,1254.63057385597,-17.04,pico aislado (corregido)
IRQ,1992,pib_pc,1615.0390354277406,3.63,cambio estructural (conservado)
IRQ,1998,pib_pc,3242.9573389231687,3.89,cambio estructural (conservado)
IRQ,2003,pib_pc,2250.0699012336904,-8.25,pico aislado (corregido)
IRQ,2004,pib_pc,3354.2658875671527,5.99,cambio estructural (conservado)
KGZ,1992,pib_pc,928.3155205509402,-3.55,cambio estructural (conservado)
KGZ,1993,pib_pc,784.5649192013158,-3.7,cambio estructural (conservado)
KGZ,1994,pib_pc,627.220989930123,-4.79,cambio estructural (conservado)
KHM,1994,pib_pc,513.9671479678739,-16.77,cambio estructural (conservado)
KIR,1992,pib_pc,1564.7228761150604,4.85,cambio estructural (conservado)
KNA,2020,pib_pc,18918.82634566111,-5.28,choque conocido (conservado)
KWT,1991,pib_pc,14812.92009246611,-6.28,pico aislado (corregido)
KWT,1992,pib_pc,22382.842068511804,8.75,cambio estructural (conservado)
KWT,1993,pib_pc,29323.8532618275,5.77,cambio estructural (conservado)
LBN,1991,pib_pc,4031.1947454392425,7.74,cambio estructural (conservado)
LBN,2020,pib_pc,6440.828430929223,-5.05,choque conocido (conservado)
LBR,1992,pib_pc,450.538677691808,-12.31,cambio estructural (conservado)
LBR,1993,pib_pc,290.38892023365895,-11.08,cambio estructural (conservado)
LBR,1994,pib_pc,227.74277602178807,-6.31,cambio estructural (conservado)
LBR,1997,pib_pc,449.2860586169639,15.35,cambio estructural (conservado)
LBR,1998,pib_pc,528.670341826706,3.58,cambio estructural (conservado)
LBR,2000,pib_pc,754.8509173609514,4.84,cambio estructural (conservado)
LBR,2003,pib_pc,528.5673955434211,-9.32,cambio estructural (conservado)
LBY,2011,pib_pc,6569.594775789565,-9.7,pico aislado (corregido)
LBY,2012,pib_pc,12599.258882135995,9.44,cambio estructural (conservado)
LBY,2014,pib_pc,7644.248439474035,-4.0,cambio estructural (conservado)
LBY,2017,pib_pc,9435.600600400461,3.88,cambio estructural (conservado)
LBY,2020,pib_pc,6102.798640325115,-5.18,choque conocido (conservado)
LCA,2020,pib_pc,8512.818398735302,-8.27,choque conocido (conservado)
LCA,2022,pib_pc,11258.611079056396,5.03,cambio estructural (conservado)
LTU,1992,pib_pc,6185.535166234551,-7.18,cambio estructural (conservado)
LTU,1993,pib_pc,5206.442606470216,-5.52,cambio estructural (conservado)
LVA,1992,pib_pc,4607.113989591292,-7.22,cambio estructural (conservado)
MAC,2015,pib_pc,69902.96057412325,-4.47,cambio estructural (conservado)
MAC,2020,pib_pc,33853.77615501088,-12.08,choque conocido (conservado)
MAC,2023,pib_pc,59474.39642516137,7.65,cambio estructural (conservado)
MDA,1991,pib_pc,3137.8350172715013,-3.73,cambio estructural (conservado)
MDA,1992,pib_pc,2225.1735623495892,-6.7,cambio estructural (conservado)
MDA,1994,pib_pc,1526.4252449652604,-7.1,cambio estructural (conservado)
MDG,2002,pib_pc,406.70122213636984,-7.56,cambio estructural (conservado)
MDV,2006,pib_pc,8620.728146781837,7.61,cambio estructural (conservado)
MDV,2020,pib_pc,7295.60220956454,-23.77,choque conocido (conservado)
MDV,2021,pib_pc,9759.221936070791,12.84,cambio estructural (conservado)
MLT,2000,pib_pc,17178.369362117384,6.21,cambio estructural (conservado)
MUS,2020,pib_pc,9533.5982796049,-18.73,choque conocido (conservado)
MWI,1995,pib_pc,385.27971407236294,4.32,cambio estructural (conservado)
PAN,2020,pib_pc,12647.0914227279,-7.37,choque conocido (conservado)
QAT,1997,pib_pc,51382.61669041603,4.8,cambio estructural (conservado)
RWA,1994,pib_pc,187.38014700737006,-24.49,pico aislado (corregido)
RWA,1995,pib_pc,303.31886787912714,18.28,cambio estructural (conservado)
SDN,2023,pib_pc,677.7232055664058,-11.44,cambio estructural (conservado)
SDN,2024,pib_pc,578.3891601562501,-5.23,cambio estructural (conservado)
SLB,2000,pib_pc,1747.7179560715292,-4.14,cambio estructural (conservado)
SLE,1992,pib_pc,828.5160344630309,-6.53,cambio estructural (conservado)
SLE,2002,pib_pc,766.7886937429014,5.11,cambio estructural (conservado)
SOM,1994,pib_pc,210.44619460191697,-9.13,cambio estructural (conservado)
SUR,2020,pib_pc,7213.107666699427,-7.04,choque conocido (conservado)
SVK,1991,pib_pc,7338.798740232321,-5.81,cambio estructural (conservado)
SYR,2012,pib_pc,1142.2921506499397,-7.15,cambio estructural (conservado)
SYR,2013,pib_pc,884.3288169052622,-6.1,cambio estructural (conservado)
TCD,1993,pib_pc,537.4105359262228,-3.6,cambio estructural (conservado)
TCD,2004,pib_pc,845.5181311657367,4.41,cambio estructural (conservado)
TGO,1993,pib_pc,585.8409563891453,-6.75,cambio estructural (conservado)
TJK,1992,pib_pc,827.5868846232679,-19.38,cambio estructural (conservado)
TJK,1993,pib_pc,682.7272593172679,-11.33,cambio estructural (conservado)
TJK,1994,pib_pc,528.0482173682901,-14.4,cambio estructural (conservado)
TJK,1995,pib_pc,452.904385394465,-9.49,cambio estructural (conservado)
TJK,1996,pib_pc,369.93488350742587,-11.81,cambio estructural (conservado)
TKM,1992,pib_pc,2704.9819125566296,-5.51,cambio estructural (conservado)
TKM,1994,pib_pc,2175.7260402872193,-6.14,cambio estructural (conservado)
TLS,1999,pib_pc,631.072912537914,-5.0,pico aislado (corregido)
TLS,2000,pib_pc,1117.5642979611202,8.02,cambio estructural (conservado)
TLS,2022,pib_pc,1579.7108468085796,-3.94,cambio estructural (conservado)
UKR,1994,pib_pc,1687.4844970703095,-3.76,cambio estructural (conservado)
UKR,2022,pib_pc,1874.6629638671893,-3.81,cambio estructural (conservado)
VEN,2019,pib_pc,1759.05547364548,-3.88,cambio estructural (conservado)
VEN,2020,pib_pc,1255.8645706811903,-4.44,choque conocido (conservado)
KWT,1991,poblacion,1351399.0000000002,-12.43,pico aislado (corregido)
KWT,1992,poblacion,1634960.9999999986,7.61,cambio estructural (conservado)
QAT,2006,poblacion,972831.0000000005,4.09,cambio estructural (conservado)
QAT,2007,poblacion,1208595.000000001,5.96,cambio estructural (conservado)
QAT,2008,poblacion,1426938.0000000005,4.15,cambio estructural (conservado)
RWA,1994,poblacion,6792351.999999997,-50.68,cambio estructural (conservado)
RWA,1995,poblacion,5674117.999999999,-55.78,pico aislado (corregido)
RWA,1996,poblacion,6708764.0,39.46,cambio estructural (conservado)
SYC,2022,poblacion,119877.99999999999,16.34,cambio estructural (conservado)
LBR,1991,urbano_pct,58.0,178.64,cambio estructural (conservado)
SYR,2012,urbano_pct,65.0896662830335,36.28,cambio estructural (conservado)
SYR,2013,urbano_pct,73.0620491886137,44.12,cambio estructural (conservado)
THA,2018,urbano_pct,54.5843734741211,17.41,cambio estructural (conservado)
TUR,2014,urbano_pct,83.6024850744433,17.49,cambio estructural (conservado)
AGO,2020,renovable_pct,60.1,4.58,choque conocido (conservado)
ALB,1992,renovable_pct,46.8,4.49,cambio estructural (conservado)
ARM,1995,renovable_pct,9.3,-4.41,cambio estructural (conservado)
BEN,1996,renovable_pct,84.2,-5.18,cambio estructural (conservado)
BEN,2021,renovable_pct,54.5,5.02,cambio estructural (conservado)
BGD,1995,renovable_pct,63.8,-4.16,cambio estructural (conservado)
BIH,1994,renovable_pct,33.4,8.18,cambio estructural (conservado)
BIH,2000,renovable_pct,19.4,-3.92,cambio estructural (conservado)
BIH,2018,renovable_pct,35.4,7.35,cambio estructural (conservado)
BWA,1998,renovable_pct,39.2,-4.93,cambio estructural (conservado)
CIV,1999,renovable_pct,61.9,-5.54,cambio estructural (conservado)
CIV,2015,renovable_pct,64.5,-3.57,cambio estructural (conservado)
COG,2000,renovable_pct,64.9,-3.89,cambio estructural (conservado)
COL,1997,renovable_pct,25.7,-6.66,cambio estructural (conservado)
COM,2007,renovable_pct,74.4,8.61,cambio estructural (conservado)
COM,2021,renovable_pct,41.2,-5.65,cambio estructural (conservado)
CPV,1991,renovable_pct,26.3,4.95,cambio estructural (conservado)
CRI,1992,renovable_pct,35.1,-8.01,cambio estructural (conservado)
CRI,2004,renovable_pct,39.2,5.06,cambio estructural (conservado)
DMA,1996,renovable_pct,20.9,3.68,cambio estructural (conservado)
EST,1995,renovable_pct,17.9,4.58,cambio estructural (conservado)
EST,2020,renovable_pct,40.4,6.21,choque conocido (conservado)
FJI,2010,renovable_pct,28.0,-3.61,cambio estructural (conservado)
GAB,2002,renovable_pct,79.8,5.55,cambio estructural (conservado)
GAB,2011,renovable_pct,79.7,-4.57,cambio estructural (conservado)
GAB,2013,renovable_pct,82.2,5.02,cambio estructural (conservado)
GAB,2017,renovable_pct,90.2,6.52,cambio estructural (conservado)
GEO,1995,renovable_pct,46.4,6.95,cambio estructural (conservado)
GEO,2005,renovable_pct,41.5,-3.81,cambio estructural (conservado)
GMB,2000,renovable_pct,62.9,5.36,cambio estructural (conservado)
GMB,2014,renovable_pct,53.2,-4.16,cambio estructural (conservado)
GNQ,1997,renovable_pct,63.6,-6.14,cambio estructural (conservado)
GNQ,2000,renovable_pct,45.9,-5.33,cambio estructural (conservado)
GNQ,2002,renovable_pct,31.3,-9.44,cambio estructural (conservado)
GNQ,2004,renovable_pct,7.2,-14.5,cambio estructural (conservado)
GRL,1994,renovable_pct,11.2,15.78,cambio estructural (conservado)
GUY,1991,renovable_pct,41.6,-6.22,cambio estructural (conservado)
GUY,1994,renovable_pct,32.3,-4.91,cambio estructural (conservado)
HRV,1991,renovable_pct,32.7,5.5,cambio estructural (conservado)
HTI,1994,renovable_pct,96.7,8.95,pico aislado (corregido)
HTI,1995,renovable_pct,87.0,-11.9,cambio estructural (conservado)
ISL,2008,renovable_pct,74.0,6.02,cambio estructural (conservado)
ISR,2012,renovable_pct,2.9,-21.25,cambio estructural (conservado)
KHM,1992,renovable_pct,82.5,58.55,cambio estructural (conservado)
KHM,2009,renovable_pct,68.0,-5.04,choque conocido (conservado)
KHM,2019,renovable_pct,53.0,-4.14,cambio estructural (conservado)
KIR,2000,renovable_pct,54.7,-4.45,cambio estructural (conservado)
KIR,2017,renovable_pct,42.5,-4.9,cambio estructural (conservado)
KNA,1991,renovable_pct,33.9,-10.12,cambio estructural (conservado)
KNA,1993,renovable_pct,38.6,8.43,cambio estructural (conservado)
KNA,1996,renovable_pct,30.4,-10.29,cambio estructural (conservado)
KNA,2006,renovable_pct,0.0,-42.66,cambio estructural (conservado)
LAO,2000,renovable_pct,81.5,-4.24,cambio estructural (conservado)
LSO,1999,renovable_pct,56.9,12.53,cambio estructural (conservado)
LSO,2011,renovable_pct,42.3,-20.24,cambio estructural (conservado)
LSO,2013,renovable_pct,46.1,10.6,cambio estructural (conservado)
LSO,2021,renovable_pct,33.6,-18.12,cambio estructural (conservado)
MAC,2013,renovable_pct,16.6,7.42,pico aislado (corregido)
MAC,2014,renovable_pct,11.4,-7.01,cambio estructural (conservado)
MAC,2015,renovable_pct,5.4,-8.09,cambio estructural (conservado)
MAR,2004,renovable_pct,22.4,6.74,cambio estructural (conservado)
MDA,2010,renovable_pct,20.0,33.72,cambio estructural (conservado)
MKD,1992,renovable_pct,16.0,4.87,cambio estructural (conservado)
MLI,2010,renovable_pct,84.0,4.85,cambio estructural (conservado)
MMR,2008,renovable_pct,85.6,4.12,cambio estructural (conservado)
MMR,2012,renovable_pct,78.1,-3.55,cambio estructural (conservado)
MMR,2017,renovable_pct,59.5,-6.11,cambio estructural (conservado)
MOZ,2007,renovable_pct,87.5,-4.38,cambio estructural (conservado)
MRT,2017,renovable_pct,25.5,-4.19,cambio estructural (conservado)
MUS,1999,renovable_pct,21.0,-13.38,cambio estructural (conservado)
MWI,2022,renovable_pct,62.9,-7.01,cambio estructural (conservado)
NAM,1994,renovable_pct,32.8,-3.86,cambio estructural (conservado)
NER,2000,renovable_pct,87.6,-4.86,cambio estructural (conservado)
NER,2013,renovable_pct,78.7,5.4,cambio estructural (conservado)
NPL,2016,renovable_pct,79.4,-4.72,cambio estructural (conservado)
NPL,2020,renovable_pct,73.1,-4.09,choque conocido (conservado)
PAN,2000,renovable_pct,27.7,-3.59,cambio estructural (conservado)
PAN,2020,renovable_pct,28.5,5.92,choque conocido (conservado)
PER,1998,renovable_pct,39.4,6.66,cambio estructural (conservado)
PHL,1995,renovable_pct,37.8,-3.88,cambio estructural (conservado)
RWA,1995,renovable_pct,88.4,13.49,cambio estructural (conservado)
SDN,1993,renovable_pct,85.6,4.14,cambio estructural (conservado)
SEN,2009,renovable_pct,51.3,5.78,choque conocido (conservado)
SLV,2000,renovable_pct,33.5,-7.58,cambio estructural (conservado)
STP,2010,renovable_pct,38.2,-4.41,cambio estructural (conservado)
SVK,2019,renovable_pct,17.6,13.76,cambio estructural (conservado)
SVN,2000,renovable_pct,18.0,7.59,cambio estructural (conservado)
SWZ,1994,renovable_pct,55.3,-5.25,cambio estructural (conservado)
SWZ,1996,renovable_pct,63.0,6.22,pico aislado (corregido)
SWZ,1997,renovable_pct,55.0,-6.07,cambio estructural (conservado)
THA,1993,renovable_pct,26.4,-8.94,cambio estructural (conservado)
TJK,1994,renovable_pct,57.2,4.13,cambio estructural (conservado)
TLS,1992,renovable_pct,25.6,6.11,cambio estructural (conservado)
TLS,1999,renovable_pct,48.2,20.35,cambio estructural (conservado)
TLS,2012,renovable_pct,25.6,-5.06,cambio estructural (conservado)
TLS,2016,renovable_pct,12.7,-3.63,cambio estructural (conservado)
URY,2010,renovable_pct,53.3,3.79,cambio estructural (conservado)
VEN,2020,renovable_pct,31.2,12.1,choque conocido (conservado)
VNM,2015,renovable_pct,27.8,-4.13,cambio estructural (conservado)
VNM,2021,renovable_pct,24.2,3.85,cambio estructural (conservado)
VUT,2009,renovable_pct,38.7,-4.92,choque conocido (conservado)
WSM,2001,renovable_pct,52.4,-4.05,cambio estructural (conservado)
AGO,1997,electricidad_pct,24.2,3.83,cambio estructural (conservado)
AGO,2007,electricidad_pct,37.5,3.62,cambio estructural (conservado)
AGO,2014,electricidad_pct,32.0,-4.6,pico aislado (corregido)
AGO,2015,electricidad_pct,42.0,5.46,cambio estructural (conservado)
ATG,2005,electricidad_pct,92.2,-23.91,pico aislado (corregido)
ATG,2006,electricidad_pct,100.0,32.72,cambio estructural (conservado)
ATG,2012,electricidad_pct,100.0,22.65,cambio estructural (conservado)
BDI,1995,electricidad_pct,3.9,-21.86,cambio estructural (conservado)
BDI,2024,electricidad_pct,20.1,15.8,cambio estructural (conservado)
BEN,2016,electricidad_pct,37.0,5.08,cambio estructural (conservado)
BEN,2022,electricidad_pct,56.5,10.72,cambio estructural (conservado)
BFA,2024,electricidad_pct,34.0,32.63,cambio estructural (conservado)
BGR,2000,electricidad_pct,88.1,-55.76,cambio estructural (conservado)
BLR,2000,electricidad_pct,89.0,-51.71,cambio estructural (conservado)
BLZ,1992,electricidad_pct,72.2249145507813,27.47,cambio estructural (conservado)
BLZ,2006,electricidad_pct,91.0,41.9,pico aislado (corregido)
BLZ,2007,electricidad_pct,85.2,-42.45,cambio estructural (conservado)
BOL,2002,electricidad_pct,64.0,-3.6,pico aislado (corregido)
BOL,2003,electricidad_pct,72.3,4.05,cambio estructural (conservado)
BOL,2005,electricidad_pct,68.3,-4.89,pico aislado (corregido)
BOL,2006,electricidad_pct,76.2,3.82,cambio estructural (conservado)
BWA,2003,electricidad_pct,33.1,10.52,cambio estructural (conservado)
BWA,2010,electricidad_pct,52.0,17.27,cambio estructural (conservado)
CAF,1992,electricidad_pct,3.0,-58.29,cambio estructural (conservado)
CHN,1996,electricidad_pct,91.10113525390625,-147.67,pico aislado (corregido)
CHN,1997,electricidad_pct,96.7,133.28,cambio estructural (conservado)
CIV,1991,electricidad_pct,36.5,22.4,cambio estructural (conservado)
CIV,1995,electricidad_pct,43.6312522888184,6.35,cambio estructural (conservado)
CIV,2005,electricidad_pct,58.9,5.69,cambio estructural (conservado)
CIV,2008,electricidad_pct,60.3,4.13,cambio estructural (conservado)
CIV,2013,electricidad_pct,61.5,4.86,cambio estructural (conservado)
CMR,2001,electricidad_pct,46.2,9.22,cambio estructural (conservado)
CMR,2022,electricidad_pct,71.0,10.12,cambio estructural (conservado)
COD,1997,electricidad_pct,6.7,-18.72,cambio estructural (conservado)
COD,2007,electricidad_pct,15.2,7.42,cambio estructural (conservado)
COG,1997,electricidad_pct,29.4,78.58,cambio estructural (conservado)
COM,1993,electricidad_pct,28.9,49.91,cambio estructural (conservado)
COM,2010,electricidad_pct,69.7,49.24,cambio estructural (conservado)
CPV,1997,electricidad_pct,58.6,60.56,cambio estructural (conservado)
CPV,2003,electricidad_pct,63.7,5.62,cambio estructural (conservado)
CPV,2010,electricidad_pct,81.1,8.47,cambio estructural (conservado)
DMA,1995,electricidad_pct,75.0,-13.52,cambio estructural (conservado)
DOM,2007,electricidad_pct,96.9,9.42,cambio estructural (conservado)
ETH,2016,electricidad_pct,42.9,6.72,cambio estructural (conservado)
FJI,1993,electricidad_pct,66.9,-28.09,cambio estructural (conservado)
FJI,2007,electricidad_pct,88.9,5.06,cambio estructural (conservado)
FJI,2010,electricidad_pct,92.4,5.48,cambio estructural (conservado)
FJI,2021,electricidad_pct,92.1,-4.47,cambio estructural (conservado)
FJI,2023,electricidad_pct,99.3,5.9,cambio estructural (conservado)
GAB,1997,electricidad_pct,73.6,63.01,cambio estructural (conservado)
GAB,2010,electricidad_pct,89.3,6.63,cambio estructural (conservado)
GHA,2005,electricidad_pct,41.2,-4.29,pico aislado (corregido)
GHA,2006,electricidad_pct,55.1,4.52,cambio estructural (conservado)
GHA,2012,electricidad_pct,56.5,-3.54,pico aislado (corregido)
GHA,2013,electricidad_pct,70.7,4.63,cambio estructural (conservado)
GIN,2018,electricidad_pct,45.0,5.6,cambio estructural (conservado)
GMB,2000,electricidad_pct,34.3,25.78,cambio estructural (conservado)
GMB,2004,electricidad_pct,34.8,22.69,cambio estructural (conservado)
GMB,2006,electricidad_pct,38.1,25.24,cambio estructural (conservado)
GNB,1999,electricidad_pct,1.3,-12.07,cambio estructural (conservado)
GNB,2006,electricidad_pct,14.5,4.84,pico aislado (corregido)
GNB,2007,electricidad_pct,7.9,-4.91,cambio estructural (conservado)
GNB,2011,electricidad_pct,13.5,3.74,cambio estructural (conservado)
GNQ,1997,electricidad_pct,64.8,322.75,cambio estructural (conservado)
GRD,1995,electricidad_pct,85.04,-33.53,cambio estructural (conservado)
GTM,1992,electricidad_pct,60.8,-31.55,cambio estructural (conservado)
GTM,1996,electricidad_pct,67.6799392700195,5.59,cambio estructural (conservado)
GTM,2002,electricidad_pct,78.7,3.74,cambio estructural (conservado)
GTM,2006,electricidad_pct,83.7,4.13,cambio estructural (conservado)
GTM,2015,electricidad_pct,90.5,3.74,cambio estructural (conservado)
GTM,2024,electricidad_pct,90.9,-10.13,cambio estructural (conservado)
GUY,2007,electricidad_pct,78.5,11.31,cambio estructural (conservado)
GUY,2010,electricidad_pct,83.3,12.83,cambio estructural (conservado)
GUY,2023,electricidad_pct,98.9,13.33,pico aislado (corregido)
GUY,2024,electricidad_pct,93.0,-16.54,cambio estructural (conservado)
HND,2017,electricidad_pct,86.5,-4.81,cambio estructural (conservado)
HTI,1992,electricidad_pct,31.3,-68.54,cambio estructural (conservado)
IDN,1992,electricidad_pct,66.6965637207031,19.33,pico aislado (corregido)
IDN,1993,electricidad_pct,55.43,-13.34,pico aislado (corregido)
IDN,1994,electricidad_pct,62.8,7.61,cambio estructural (conservado)
IDN,1996,electricidad_pct,72.39,5.54,cambio estructural (conservado)
IDN,1997,electricidad_pct,80.3,8.22,cambio estructural (conservado)
IDN,2006,electricidad_pct,90.6,5.85,cambio estructural (conservado)
JAM,1991,electricidad_pct,77.2288665771484,5.14,cambio estructural (conservado)
JAM,1996,electricidad_pct,85.706045,3.77,cambio estructural (conservado)
KEN,2011,electricidad_pct,36.2,5.36,cambio estructural (conservado)
KHM,1995,electricidad_pct,18.67,-17.2,cambio estructural (conservado)
KHM,2017,electricidad_pct,89.1,3.59,cambio estructural (conservado)
KIR,1997,electricidad_pct,55.6,-15.31,cambio estructural (conservado)
KIR,2011,electricidad_pct,74.9,4.14,cambio estructural (conservado)
KIR,2017,electricidad_pct,85.7,-3.52,cambio estructural (conservado)
LAO,2008,electricidad_pct,66.0,3.98,cambio estructural (conservado)
LBR,2004,electricidad_pct,3.0,-12.01,cambio estructural (conservado)
LCA,1997,electricidad_pct,86.0,-10.69,cambio estructural (conservado)
LKA,1993,electricidad_pct,17.9,-5.0,cambio estructural (conservado)
LKA,1997,electricidad_pct,70.3,19.46,cambio estructural (conservado)
LKA,2002,electricidad_pct,80.7,6.75,cambio estructural (conservado)
LSO,1997,electricidad_pct,4.3,-5.66,cambio estructural (conservado)
LSO,2018,electricidad_pct,47.0,4.91,cambio estructural (conservado)
MAR,1993,electricidad_pct,56.7726516723633,4.43,cambio estructural (conservado)
MAR,2006,electricidad_pct,96.5,11.56,pico aislado (corregido)
MAR,2007,electricidad_pct,82.2,-10.67,cambio estructural (conservado)
MAR,2010,electricidad_pct,95.7,5.97,cambio estructural (conservado)
MDG,2004,electricidad_pct,15.3,-3.53,cambio estructural (conservado)
MDG,2010,electricidad_pct,12.3,-3.59,cambio estructural (conservado)
MDG,2013,electricidad_pct,12.9,-4.02,pico aislado (corregido)
MDG,2014,electricidad_pct,23.0,5.74,cambio estructural (conservado)
MDG,2018,electricidad_pct,36.5,7.15,pico aislado (corregido)
MDG,2019,electricidad_pct,31.0,-3.84,cambio estructural (conservado)
MDV,1993,electricidad_pct,17.9,-28.34,cambio estructural (conservado)
MDV,1997,electricidad_pct,83.8,140.65,cambio estructural (conservado)
MDV,2009,electricidad_pct,99.9,13.94,choque conocido (conservado)
MLI,1993,electricidad_pct,6.2,-8.26,cambio estructural (conservado)
MLI,2018,electricidad_pct,50.9,8.09,cambio estructural (conservado)
MLI,2024,electricidad_pct,49.5,-3.77,cambio estructural (conservado)
MMR,1996,electricidad_pct,91.10113525390625,-4.48,cambio estructural (conservado)
MMR,1997,electricidad_pct,41.9,-30.84,cambio estructural (conservado)
MMR,2015,electricidad_pct,60.5,4.54,cambio estructural (conservado)
MMR,2017,electricidad_pct,69.8,8.03,cambio estructural (conservado)
MNG,1997,electricidad_pct,67.3,-11.95,cambio estructural (conservado)
MNG,2005,electricidad_pct,86.2,5.7,pico aislado (corregido)
MNG,2006,electricidad_pct,77.0,-4.63,cambio estructural (conservado)
MNG,2012,electricidad_pct,83.7,5.81,cambio estructural (conservado)
MOZ,1994,electricidad_pct,6.6,-7.18,cambio estructural (conservado)
MRT,2005,electricidad_pct,18.2,-8.21,pico aislado (corregido)
MRT,2006,electricidad_pct,27.0,8.54,cambio estructural (conservado)
MRT,2007,electricidad_pct,33.0,5.4,cambio estructural (conservado)
MWI,2018,electricidad_pct,18.0,7.81,pico aislado (corregido)
MWI,2019,electricidad_pct,11.2,-11.56,cambio estructural (conservado)
MYS,1996,electricidad_pct,91.10113525390625,-297.99,pico aislado (corregido)
MYS,1997,electricidad_pct,98.6,360.21,cambio estructural (conservado)
NGA,1991,electricidad_pct,35.2346000671387,3.98,cambio estructural (conservado)
NGA,2003,electricidad_pct,52.2,3.79,pico aislado (corregido)
NGA,2004,electricidad_pct,46.1,-3.91,cambio estructural (conservado)
NGA,2011,electricidad_pct,55.9,3.96,cambio estructural (conservado)
NPL,1993,electricidad_pct,17.9,-3.96,cambio estructural (conservado)
PAK,1995,electricidad_pct,70.46,-50.99,cambio estructural (conservado)
PAN,2003,electricidad_pct,87.8,9.44,cambio estructural (conservado)
PER,1993,electricidad_pct,64.7489929199219,-5.27,cambio estructural (conservado)
PHL,2004,electricidad_pct,87.6,9.59,pico aislado (corregido)
PHL,2005,electricidad_pct,79.8,-8.53,cambio estructural (conservado)
PNG,1993,electricidad_pct,11.0,-42.98,cambio estructural (conservado)
PNG,1997,electricidad_pct,2.15848255157471,-4.4,cambio estructural (conservado)
PNG,2024,electricidad_pct,43.3,10.84,cambio estructural (conservado)
PRY,1992,electricidad_pct,77.469114,-22.86,cambio estructural (conservado)
PRY,1996,electricidad_pct,86.2600555419922,13.38,cambio estructural (conservado)
ROU,2000,electricidad_pct,94.4,-19.56,cambio estructural (conservado)
RWA,2023,electricidad_pct,63.9,4.15,cambio estructural (conservado)
SDN,2000,electricidad_pct,23.0,-3.82,cambio estructural (conservado)
SDN,2008,electricidad_pct,20.0,-5.35,pico aislado (corregido)
SDN,2009,electricidad_pct,29.0,3.93,choque conocido (conservado)
SEN,2005,electricidad_pct,47.1,3.51,cambio estructural (conservado)
SLB,1996,electricidad_pct,15.7,-20.47,cambio estructural (conservado)
SLE,1997,electricidad_pct,7.7,-3.75,cambio estructural (conservado)
SLV,1992,electricidad_pct,75.3321914672852,6.35,cambio estructural (conservado)
SLV,2000,electricidad_pct,84.5,5.91,cambio estructural (conservado)
SOM,1997,electricidad_pct,2.1,-9.76,cambio estructural (conservado)
SOM,2010,electricidad_pct,52.3,16.93,cambio estructural (conservado)
STP,1997,electricidad_pct,52.9,17.46,cambio estructural (conservado)
SUR,1996,electricidad_pct,99.62406,14.68,cambio estructural (conservado)
SYC,1991,electricidad_pct,90.0,256.31,cambio estructural (conservado)
SYR,1997,electricidad_pct,93.4,-21.58,cambio estructural (conservado)
SYR,2002,electricidad_pct,86.6,-21.25,pico aislado (corregido)
SYR,2003,electricidad_pct,92.6,20.91,cambio estructural (conservado)
SYR,2006,electricidad_pct,99.5,25.97,pico aislado (corregido)
SYR,2007,electricidad_pct,91.5,-26.31,cambio estructural (conservado)
TCD,1994,electricidad_pct,2.3,-35.3,cambio estructural (conservado)
TGO,2011,electricidad_pct,39.7,10.87,cambio estructural (conservado)
THA,1996,electricidad_pct,91.10113525390625,-16.81,cambio estructural (conservado)
THA,1997,electricidad_pct,82.1,-24.36,cambio estructural (conservado)
THA,2001,electricidad_pct,90.4,22.32,cambio estructural (conservado)
THA,2006,electricidad_pct,99.1,16.92,pico aislado (corregido)
THA,2007,electricidad_pct,94.1,-13.57,cambio estructural (conservado)
TLS,1997,electricidad_pct,17.8,-18.02,cambio estructural (conservado)
TON,1991,electricidad_pct,80.0,-25.24,cambio estructural (conservado)
TTO,2001,electricidad_pct,96.3,18.24,cambio estructural (conservado)
TTO,2006,electricidad_pct,100.0,18.24,cambio estructural (conservado)
TUN,1991,electricidad_pct,86.8,-89.71,cambio estructural (conservado)
VNM,1994,electricidad_pct,78.4,-32.58,cambio estructural (conservado)
VNM,1998,electricidad_pct,86.1759872436523,11.36,cambio estructural (conservado)
VNM,2005,electricidad_pct,96.1,7.34,cambio estructural (conservado)
VUT,1991,electricidad_pct,18.0,-31.36,cambio estructural (conservado)
VUT,2013,electricidad_pct,31.7,-5.25,pico aislado (corregido)
VUT,2014,electricidad_pct,49.1,5.85,cambio estructural (conservado)
VUT,2023,electricidad_pct,61.6,-3.82,cambio estructural (conservado)
WSM,2006,electricidad_pct,96.4,7.04,cambio estructural (conservado)
WSM,2008,electricidad_pct,98.1,7.49,cambio estructural (conservado)
ZAF,1993,electricidad_pct,57.6,31.87,cambio estructural (conservado)
ZAF,1997,electricidad_pct,69.4833526611328,9.51,cambio estructural (conservado)
ZAF,1999,electricidad_pct,71.331787109375,4.92,cambio estructural (conservado)
ZAF,2002,electricidad_pct,76.7,4.97,cambio estructural (conservado)
ZAF,2020,electricidad_pct,90.0,3.71,choque conocido (conservado)
ZWE,1999,electricidad_pct,38.4,3.59,cambio estructural (conservado)
ZWE,2009,electricidad_pct,43.4,3.9,choque conocido (conservado)
ZWE,2012,electricidad_pct,44.0,4.95,cambio estructural (conservado)
ZWE,2014,electricidad_pct,32.3,-6.6,cambio estructural (conservado)
ZWE,2016,electricidad_pct,42.5,6.22,cambio estructural (conservado)
ZWE,2020,electricidad_pct,52.7,4.12,choque conocido (conservado)
ZWE,2023,electricidad_pct,62.0,8.54,cambio estructural (conservado)
ABW,1992,industria_pct,15.3963620981387,-8.7,cambio estructural (conservado)
AGO,1999,industria_pct,52.0338602281507,11.87,cambio estructural (conservado)
AGO,2009,industria_pct,41.1797313432495,-5.78,choque conocido (conservado)
ALB,1992,industria_pct,19.7520120174809,-10.01,cambio estructural (conservado)
ARG,2002,industria_pct,30.5577370913046,5.78,cambio estructural (conservado)
BDI,1996,industria_pct,11.7825921702775,-4.19,cambio estructural (conservado)
BEN,1999,industria_pct,18.0457037967816,6.81,cambio estructural (conservado)
BGR,1991,industria_pct,39.754104267862,-5.79,cambio estructural (conservado)
BGR,1995,industria_pct,17.8893997770763,-6.07,cambio estructural (conservado)
BHR,2003,industria_pct,45.2834880040933,6.28,cambio estructural (conservado)
BHR,2009,industria_pct,43.0997000499723,-3.6,choque conocido (conservado)
BIH,1991,industria_pct,25.8552890287063,-6.74,cambio estructural (conservado)
BLR,1993,industria_pct,36.0406091370558,-6.06,cambio estructural (conservado)
BMU,1993,industria_pct,8.30000111301148,-29.04,cambio estructural (conservado)
BRA,1995,industria_pct,23.3814603902749,-10.49,cambio estructural (conservado)
BTN,2007,industria_pct,41.6218746913227,3.7,cambio estructural (conservado)
CAN,1993,industria_pct,8.30000111301148,-15.43,pico aislado (corregido)
CAN,1994,industria_pct,27.817412360403,16.22,cambio estructural (conservado)
CHL,1996,industria_pct,30.8497179146161,-4.05,cambio estructural (conservado)
CIV,1996,industria_pct,13.7159570722429,-8.25,cambio estructural (conservado)
COD,1996,industria_pct,32.3539577528642,5.78,pico aislado (corregido)
COD,1997,industria_pct,21.250000265625,-4.15,cambio estructural (conservado)
COD,2011,industria_pct,38.636424619178,3.56,cambio estructural (conservado)
CPV,1993,industria_pct,22.5279402962458,-5.84,pico aislado (corregido)
CPV,1994,industria_pct,30.5591890184176,5.07,cambio estructural (conservado)
CUB,1996,industria_pct,26.6854603298068,10.56,cambio estructural (conservado)
DZA,1996,industria_pct,44.2390490019449,5.45,cambio estructural (conservado)
DZA,2001,industria_pct,40.8145902645976,-4.66,cambio estructural (conservado)
DZA,2009,industria_pct,42.0128802106709,-3.57,choque conocido (conservado)
ECU,2009,industria_pct,31.0916213331503,-3.61,choque conocido (conservado)
ECU,2015,industria_pct,28.0900423392523,-3.51,cambio estructural (conservado)
ETH,2016,industria_pct,21.9325618536317,3.85,cambio estructural (conservado)
GEO,1992,industria_pct,23.6595174262735,-11.0,cambio estructural (conservado)
GHA,1993,industria_pct,24.8185739004674,9.89,cambio estructural (conservado)
GHA,2006,industria_pct,19.3820947702815,-7.47,cambio estructural (conservado)
GHA,2011,industria_pct,23.8636600934779,7.79,cambio estructural (conservado)
GHA,2013,industria_pct,34.0898222065997,9.24,cambio estructural (conservado)
GIN,2006,industria_pct,34.2753959440443,6.8,cambio estructural (conservado)
GMB,1996,industria_pct,20.7036645851415,6.35,pico aislado (corregido)
GMB,1997,industria_pct,15.5743459685956,-5.33,cambio estructural (conservado)
GNB,1991,industria_pct,9.24732294594257,-6.25,cambio estructural (conservado)
GNB,2002,industria_pct,15.8232800934822,4.24,cambio estructural (conservado)
GNQ,2003,industria_pct,82.9149022419933,29.54,cambio estructural (conservado)
GNQ,2009,industria_pct,75.3247324271881,-4.29,choque conocido (conservado)
GNQ,2015,industria_pct,59.1005872679086,-5.28,cambio estructural (conservado)
GNQ,2023,industria_pct,48.2938369793055,-3.76,cambio estructural (conservado)
GRC,1992,industria_pct,19.5110442235329,-13.41,cambio estructural (conservado)
GRD,2005,industria_pct,22.8478487752929,7.08,cambio estructural (conservado)
GRL,2000,industria_pct,14.6329587285511,-11.57,cambio estructural (conservado)
GTM,2001,industria_pct,27.3420734989877,17.16,cambio estructural (conservado)
GTM,2013,industria_pct,22.9529599737565,-11.64,cambio estructural (conservado)
GUY,1993,industria_pct,23.5521953859685,3.58,cambio estructural (conservado)
GUY,2020,industria_pct,38.7960801467797,5.18,choque conocido (conservado)
GUY,2021,industria_pct,50.3896520627165,5.96,cambio estructural (conservado)
GUY,2022,industria_pct,67.8206416613225,9.02,cambio estructural (conservado)
HKG,1997,industria_pct,12.0823834898067,-44.3,cambio estructural (conservado)
HTI,1995,industria_pct,30.3946345321046,4.5,cambio estructural (conservado)
HTI,2000,industria_pct,23.048486874758,-5.73,cambio estructural (conservado)
IDN,2001,industria_pct,47.8935007853871,3.88,cambio estructural (conservado)
IRL,2015,industria_pct,38.4401729288171,10.39,cambio estructural (conservado)
IRL,2023,industria_pct,34.0037014019007,-4.88,cambio estructural (conservado)
ISL,1992,industria_pct,23.6068882186066,-6.01,cambio estructural (conservado)
ISR,1992,industria_pct,23.6122466384056,-16.33,cambio estructural (conservado)
JPN,1991,industria_pct,34.7566521768051,12.93,cambio estructural (conservado)
KAZ,1995,industria_pct,29.9976927400191,-3.65,cambio estructural (conservado)
KIR,1992,industria_pct,8.57223729720433,-5.59,cambio estructural (conservado)
KWT,2007,industria_pct,66.0655582815397,8.06,cambio estructural (conservado)
KWT,2015,industria_pct,55.9358456541559,-4.63,cambio estructural (conservado)
LAO,2000,industria_pct,16.4770694017999,-4.0,cambio estructural (conservado)
LBN,2020,industria_pct,6.63816639544826,-5.14,choque conocido (conservado)
LBR,1997,industria_pct,4.24715102974828,-11.99,cambio estructural (conservado)
LBR,2012,industria_pct,14.5889259761557,4.45,cambio estructural (conservado)
LBY,1999,industria_pct,65.8303859757035,7.85,cambio estructural (conservado)
LBY,2011,industria_pct,53.8989087023988,-4.61,pico aislado (corregido)
LBY,2012,industria_pct,73.7369299183248,4.19,cambio estructural (conservado)
LBY,2014,industria_pct,46.7692775548728,-3.87,cambio estructural (conservado)
LBY,2020,industria_pct,15.9502036425113,-7.18,choque conocido (conservado)
LBY,2021,industria_pct,74.9121008371648,12.44,cambio estructural (conservado)
LCA,2003,industria_pct,15.5718308786508,-9.69,cambio estructural (conservado)
LUX,1992,industria_pct,19.6533718001861,-12.13,cambio estructural (conservado)
MDA,1998,industria_pct,20.3234930328094,-4.86,cambio estructural (conservado)
MDV,2000,industria_pct,12.3754592610708,-16.27,cambio estructural (conservado)
MEX,1993,industria_pct,32.9883591467475,6.91,cambio estructural (conservado)
MKD,1991,industria_pct,28.2944214876033,-7.23,cambio estructural (conservado)
MKD,1994,industria_pct,24.2724512987013,-4.23,cambio estructural (conservado)
MKD,2000,industria_pct,21.4063367196738,-4.02,cambio estructural (conservado)
MLT,1995,industria_pct,26.2177420687192,-18.87,cambio estructural (conservado)
MMR,1997,industria_pct,9.69226113586128,-14.29,cambio estructural (conservado)
MNG,1996,industria_pct,23.6539827816913,-4.41,cambio estructural (conservado)
MRT,2006,industria_pct,43.8696654452959,4.24,cambio estructural (conservado)
MRT,2014,industria_pct,28.4373706611028,-3.83,cambio estructural (conservado)
MWI,1993,industria_pct,26.0213810363464,-7.24,cambio estructural (conservado)
NIC,1991,industria_pct,19.7626384193526,-5.49,cambio estructural (conservado)
NOR,2021,industria_pct,36.8554062435763,3.72,cambio estructural (conservado)
NOR,2022,industria_pct,47.8671650630535,3.79,cambio estructural (conservado)
PER,2021,industria_pct,35.7261311136936,3.78,cambio estructural (conservado)
PLW,1997,industria_pct,14.5148007662495,-7.43,cambio estructural (conservado)
PRI,2000,industria_pct,46.0618652940433,5.44,cambio estructural (conservado)
PRT,1992,industria_pct,24.8145536044126,-12.25,cambio estructural (conservado)
PYF,2002,industria_pct,11.3765528432702,-32.47,cambio estructural (conservado)
PYF,2024,industria_pct,26.7781043350478,44.58,cambio estructural (conservado)
RUS,1995,industria_pct,34.5391926383218,-4.12,cambio estructural (conservado)
RWA,1995,industria_pct,15.9711867322468,-6.28,cambio estructural (conservado)
SDN,2010,industria_pct,20.4000000028071,-3.9,cambio estructural (conservado)
SDN,2014,industria_pct,16.0000000018153,-3.8,cambio estructural (conservado)
SDN,2023,industria_pct,28.3364187359122,3.9,pico aislado (corregido)
SDN,2024,industria_pct,23.1519847472415,-3.86,cambio estructural (conservado)
SLB,2000,industria_pct,9.50877746554494,-9.55,cambio estructural (conservado)
SLB,2011,industria_pct,18.6507339379946,3.72,cambio estructural (conservado)
SLE,1991,industria_pct,33.7911904255458,4.59,cambio estructural (conservado)
SLE,2001,industria_pct,8.02011314843721,-5.65,cambio estructural (conservado)
SLE,2006,industria_pct,25.2475228320461,4.0,cambio estructural (conservado)
STP,2005,industria_pct,15.6164167398658,-6.01,cambio estructural (conservado)
SYC,2004,industria_pct,21.2664381340441,-9.78,cambio estructural (conservado)
TCD,2003,industria_pct,30.0655483375136,5.49,cambio estructural (conservado)
TJK,1992,industria_pct,49.613601236476,6.31,cambio estructural (conservado)
TJK,1994,industria_pct,33.6089108910891,-3.6,cambio estructural (conservado)
TJK,1996,industria_pct,29.1754539559014,-3.63,cambio estructural (conservado)
TJK,2000,industria_pct,35.2773269155426,3.82,cambio estructural (conservado)
TJK,2015,industria_pct,30.220213504702,3.73,cambio estructural (conservado)
TKM,1992,industria_pct,12.1875,-5.86,pico aislado (corregido)
TKM,1993,industria_pct,59.7804391217565,16.9,pico aislado (corregido)
TKM,1994,industria_pct,44.8394495412844,-4.7,pico aislado (corregido)
TKM,1995,industria_pct,59.0950920245399,5.39,cambio estructural (conservado)
TKM,1997,industria_pct,45.027902790279,-6.51,cambio estructural (conservado)
TKM,2008,industria_pct,60.5457853244391,8.35,cambio estructural (conservado)
TLS,1997,industria_pct,16.0859610551822,-4.51,cambio estructural (conservado)
TLS,2019,industria_pct,30.4131449827763,5.95,cambio estructural (conservado)
TLS,2021,industria_pct,62.1863334819576,10.83,cambio estructural (conservado)
TLS,2023,industria_pct,23.8680415769611,-12.9,cambio estructural (conservado)
TLS,2024,industria_pct,11.8214190264431,-5.03,cambio estructural (conservado)
TON,1994,industria_pct,17.7495185457008,6.5,cambio estructural (conservado)
TZA,1998,industria_pct,20.23597314949,18.52,cambio estructural (conservado)
UKR,1991,industria_pct,54.6254180602007,6.94,cambio estructural (conservado)
UKR,1993,industria_pct,37.460630054022,-8.24,cambio estructural (conservado)
URY,1997,industria_pct,23.5236979088515,-4.1,cambio estructural (conservado)
URY,2016,industria_pct,18.867314407332,-5.39,cambio estructural (conservado)
USA,1993,industria_pct,8.30000111301148,-49.97,pico aislado (corregido)
USA,1994,industria_pct,23.1321077622147,39.93,cambio estructural (conservado)
UZB,1994,industria_pct,24.2530549835382,-4.8,cambio estructural (conservado)
UZB,2010,industria_pct,22.1622742240766,-5.6,cambio estructural (conservado)
UZB,2017,industria_pct,13.3392465666927,-7.61,pico aislado (corregido)
UZB,2018,industria_pct,29.650867498632,10.61,cambio estructural (conservado)
WSM,2009,industria_pct,22.4714571910199,-7.99,choque conocido (conservado)
WSM,2010,industria_pct,14.7777818454724,-7.55,cambio estructural (conservado)
ZMB,1993,industria_pct,37.4428935375837,-3.68,cambio estructural (conservado)
ZMB,2022,industria_pct,35.2838210182449,-3.82,cambio estructural (conservado)
ZWE,2023,industria_pct,33.2555519083931,-4.82,cambio estructural (conservado)
BEL,1999,carbon_elec_pct,14.8235795252858,-4.29,cambio estructural (conservado)
BGD,2023,carbon_elec_pct,10.587745719721,87.49,cambio estructural (conservado)
BGR,2023,carbon_elec_pct,29.1466898521923,-4.0,cambio estructural (conservado)
BWA,1991,carbon_elec_pct,96.4705882352941,10.52,cambio estructural (conservado)
BWA,2011,carbon_elec_pct,82.9131652661064,-16.74,cambio estructural (conservado)
BWA,2013,carbon_elec_pct,91.4772727272727,6.59,cambio estructural (conservado)
DEU,2019,carbon_elec_pct,29.9558259201835,-3.61,cambio estructural (conservado)
DOM,1991,carbon_elec_pct,12.4234693877551,6.98,cambio estructural (conservado)
DOM,1994,carbon_elec_pct,2.68515268515269,-4.58,cambio estructural (conservado)
DOM,2019,carbon_elec_pct,18.0105889518812,4.02,cambio estructural (conservado)
DOM,2020,carbon_elec_pct,32.7414606794075,9.13,choque conocido (conservado)
EST,2019,carbon_elec_pct,70.1510177281681,-5.6,cambio estructural (conservado)
EST,2020,carbon_elec_pct,49.111549851925,-10.14,choque conocido (conservado)
EST,2021,carbon_elec_pct,57.6762909494725,4.45,cambio estructural (conservado)
EST,2022,carbon_elec_pct,65.9691136974038,4.32,pico aislado (corregido)
EST,2023,carbon_elec_pct,48.9120974760661,-8.17,cambio estructural (conservado)
EST,2024,carbon_elec_pct,34.9061759883403,-6.67,cambio estructural (conservado)
GTM,2000,carbon_elec_pct,8.91203703703704,4.67,cambio estructural (conservado)
GTM,2015,carbon_elec_pct,28.9428669175505,4.52,cambio estructural (conservado)
GTM,2020,carbon_elec_pct,19.5309009679821,-5.64,choque conocido (conservado)
GTM,2022,carbon_elec_pct,9.57246975730708,-6.85,pico aislado (corregido)
GTM,2023,carbon_elec_pct,16.803105151729,4.13,cambio estructural (conservado)
HKG,1996,carbon_elec_pct,81.8789114689544,-3.57,cambio estructural (conservado)
HKG,1997,carbon_elec_pct,59.5128692347556,-5.24,cambio estructural (conservado)
HKG,2003,carbon_elec_pct,77.6648173702442,3.52,cambio estructural (conservado)
HKG,2020,carbon_elec_pct,34.278204838345,-6.56,choque conocido (conservado)
KGZ,2005,carbon_elec_pct,10.1000604391915,6.28,cambio estructural (conservado)
KGZ,2009,carbon_elec_pct,3.48281151312821,-7.93,choque conocido (conservado)
KGZ,2015,carbon_elec_pct,13.2156561780507,5.51,cambio estructural (conservado)
KHM,1992,carbon_elec_pct,0.0,-12.44,cambio estructural (conservado)
KHM,2013,carbon_elec_pct,9.65630114566285,5.35,cambio estructural (conservado)
KHM,2014,carbon_elec_pct,28.5714285714286,14.41,cambio estructural (conservado)
KHM,2015,carbon_elec_pct,50.1404190969972,16.44,cambio estructural (conservado)
KHM,2017,carbon_elec_pct,54.1943881978594,6.19,pico aislado (corregido)
KHM,2018,carbon_elec_pct,37.5879043600563,-12.66,pico aislado (corregido)
KHM,2019,carbon_elec_pct,43.5775241050648,4.56,cambio estructural (conservado)
KHM,2021,carbon_elec_pct,36.9822774894742,-7.6,cambio estructural (conservado)
KHM,2023,carbon_elec_pct,58.7225274725275,20.16,cambio estructural (conservado)
MAC,1997,carbon_elec_pct,0.0,-26.83,cambio estructural (conservado)
MAC,2008,carbon_elec_pct,6.6170762572179,9.83,cambio estructural (conservado)
MAC,2015,carbon_elec_pct,13.8554955839058,13.96,cambio estructural (conservado)
MAC,2016,carbon_elec_pct,18.8555987128037,7.42,cambio estructural (conservado)
MAR,1995,carbon_elec_pct,49.3549454184585,5.48,cambio estructural (conservado)
MMR,2002,carbon_elec_pct,12.3387872954764,13.93,cambio estructural (conservado)
MMR,2022,carbon_elec_pct,3.11086995840116,-6.44,cambio estructural (conservado)
MYS,2020,carbon_elec_pct,51.1008257628832,3.52,choque conocido (conservado)
NAM,1993,carbon_elec_pct,14.8243359040274,15.04,cambio estructural (conservado)
NAM,1994,carbon_elec_pct,20.7093821510297,6.55,pico aislado (corregido)
NAM,1995,carbon_elec_pct,2.13492741246798,-20.28,cambio estructural (conservado)
NAM,2006,carbon_elec_pct,5.22388059701492,5.63,cambio estructural (conservado)
NAM,2008,carbon_elec_pct,10.6099110546379,9.58,pico aislado (corregido)
NAM,2009,carbon_elec_pct,5.22788203753351,-5.81,choque conocido (conservado)
NLD,2019,carbon_elec_pct,16.5137387981023,-3.7,cambio estructural (conservado)
PAK,2017,carbon_elec_pct,8.31023031927858,105.47,cambio estructural (conservado)
PAK,2019,carbon_elec_pct,19.3398554952206,95.53,cambio estructural (conservado)
PHL,2000,carbon_elec_pct,36.7917862662839,3.66,cambio estructural (conservado)
PHL,2002,carbon_elec_pct,33.2762498194648,-3.86,cambio estructural (conservado)
POL,2023,carbon_elec_pct,60.1134068665527,-9.27,cambio estructural (conservado)
PRI,2003,carbon_elec_pct,12.1786031930906,8.55,cambio estructural (conservado)
ROU,2000,carbon_elec_pct,37.1625524704433,3.81,cambio estructural (conservado)
ROU,2013,carbon_elec_pct,28.790245890504,-4.05,cambio estructural (conservado)
SVK,1992,carbon_elec_pct,33.0088458119948,4.66,pico aislado (corregido)
SVK,1993,carbon_elec_pct,25.9921446690124,-4.11,cambio estructural (conservado)
SVK,1995,carbon_elec_pct,26.107417643983,3.83,cambio estructural (conservado)
SVN,1992,carbon_elec_pct,37.5810110174984,5.4,cambio estructural (conservado)
SVN,2014,carbon_elec_pct,21.5576073865917,-4.88,pico aislado (corregido)
SVN,2015,carbon_elec_pct,29.0397350993377,4.44,cambio estructural (conservado)
SWZ,2000,carbon_elec_pct,31.3829787234043,7.1,cambio estructural (conservado)
ZMB,2017,carbon_elec_pct,8.79460909028398,104.53,cambio estructural (conservado)
ZMB,2021,carbon_elec_pct,7.31046931407942,-88.74,cambio estructural (conservado)
